"RelativePath","Type","Category","Bytes","LastWriteTime"
"__pycache__","directory","directory",,"2026-09-27 11:59:46"
"BACKUP_CORRECAO_DASHBOARD_20260922_204016","directory","directory",,"2026-09-22 20:40:17"
"BACKUP_DELETE_EXECUTED_20260925_130050","directory","directory",,"2026-09-25 13:02:38"
"BACKUP_FILTRO_RESULTADO_HISTORICO_20260922_212515","directory","directory",,"2026-09-22 21:25:16"
"BACKUP_P0_DIDI_TIMING_20260923_225759","directory","directory",,"2026-09-23 22:58:00"
"BACKUP_PRE_DASHBOARD_SEPARADO_20260922_2015","directory","directory",,"2026-09-22 20:14:13"
"BACKUP_PRE_RESTAURAR_OVERLAY_20260922_222304","directory","directory",,"2026-09-22 22:23:04"
"BACKUP_REMOVER_LOG_CLASSICO_20260922_212813","directory","directory",,"2026-09-22 21:28:13"
"BACKUP_SEPARACAO_PENDENTES_HISTORICO_LOG_20260922_211746","directory","directory",,"2026-09-22 21:17:46"
"data","directory","directory",,"2026-09-27 12:08:13"
"mobile_app","directory","directory",,"2026-09-26 10:11:01"
"tests","directory","directory",,"2026-09-26 13:54:48"
"voz_r11_atualizacao","directory","directory",,"2026-09-26 13:45:49"
"_diag_history_totals.py","file","source/script","1363","2026-09-23 09:53:11"
"ACESSO_CELULAR.txt","file","documentation","101","2026-09-27 12:01:28"
"adaptive_position_v386_r11.py","file","source/script","7852","2026-09-21 15:40:21"
"asset_catalog.py","file","source/script","3585","2026-09-20 20:38:52"
"asset_labels.json","file","configuration/state/secret-file","291","2026-09-27 12:08:10"
"audit_candle_relation.py","file","source/script","1194","2026-09-26 18:44:07"
"audit_candles.py","file","source/script","790","2026-09-26 18:43:29"
"BACKUP_broker_results_PRE_PENDING_RECOVERY_20260918.py","file","backup/version","21943","2026-09-18 04:33:58"
"BACKUP_broker_results_r6_PRE_STABLE_LINK_20260917.py","file","backup/version","21943","2026-09-17 13:50:24"
"BACKUP_bullex_live_capture_PRE_GRAPH_ACTIVE_FIX_20260917.py","file","backup/version","20557","2026-09-17 17:52:22"
"BACKUP_bullex_live_capture_PRE_INIT_STATE_FIX_20260917.py","file","backup/version","18991","2026-09-17 14:37:50"
"BACKUP_bullex_live_capture_PRE_POLL_ORDER_FIX_20260917.py","file","backup/version","19729","2026-09-17 14:54:46"
"BACKUP_bullex_live_capture_PRE_STABLE_ASSET_20260917.py","file","backup/version","16681","2026-09-17 13:50:18"
"BACKUP_demo_executor_PRE_ASSET_GATE_FIX_20260917.py","file","backup/version","47028","2026-09-17 14:28:50"
"BACKUP_demo_executor_PRE_AUTO_EXPIRY_DASHBOARD_FIX_20260917.py","file","backup/version","48729","2026-09-17 18:38:58"
"BACKUP_demo_executor_PRE_BUTTON_LOCATOR_FIX_20260918.py","file","backup/version","49006","2026-09-18 05:32:40"
"BACKUP_demo_executor_PRE_BUTTON_RESILIENCE_20260918.py","file","backup/version","46624","2026-09-18 04:33:52"
"BACKUP_demo_executor_PRE_RESTORE_LAST_WORKING_20260917.py","file","backup/version","47028","2026-09-17 15:11:04"
"BACKUP_demo_executor_PRE_STABLE_EXEC_20260917.py","file","backup/version","47028","2026-09-17 13:50:46"
"BACKUP_main_v384_r6_PRE_AUTO_EXPIRY_FIX_20260917.py","file","backup/version","34238","2026-09-17 13:06:52"
"BACKUP_main_v384_r6_PRE_STABLE_EXEC_20260917.py","file","backup/version","34238","2026-09-17 13:50:52"
"BASE_R6.txt","file","documentation","218","2026-09-14 20:32:26"
"broker_day_r11.py","file","source/script","595","2026-09-16 12:10:34"
"broker_history_r11.py","file","source/script","13270","2026-09-26 10:23:38"
"broker_history_r11.py.bak_before_old_history_recovery_20260923","file","backup/version","8458","2026-09-22 15:25:24"
"broker_history_r11.py.bak_before_reconcile_fix_20260924","file","backup/version","8632","2026-09-23 09:50:15"
"broker_history_transport_r11.js","file","source/script","3723","2026-09-25 19:37:46"
"BROKER_RESULTS_BACKUP_ANTES_SQLITE_LOCK_2026-09-17.py","file","backup/version","21489","2026-09-17 12:08:16"
"broker_results_r11.py","file","source/script","25789","2026-09-26 13:59:25"
"broker_results_r11.py.bak_before_lock_fix_20260924","file","backup/version","24623","2026-09-23 22:59:46"
"broker_results_r11.py.bak_before_voice_button_20260926_135924","file","backup/version","25190","2026-09-26 00:41:38"
"broker_results_r6_BACKUP_PRE_P0_20260917.py","file","backup/version","21943","2026-09-17 13:33:38"
"browser.py","file","source/script","1012","2026-09-26 10:03:28"
"browser.py.bak_20260925_1350","file","backup/version","527","2026-09-25 13:50:05"
"bullex_controls_ocr.ps1","file","source/script","1748","2026-09-16 06:54:56"
"bullex_controls_reader_PATCH_STAGING.py","file","source/script","8910","2026-09-16 16:29:52"
"bullex_controls_reader.py","file","source/script","13488","2026-09-26 00:47:55"
"bullex_dev_error_local.log","file","log/runtime","30820","2026-09-26 01:05:19"
"bullex_dev_runtime_local.log","file","log/runtime","15059841","2026-09-27 12:08:13"
"bullex_live_capture 180926-2243.py","file","source/script","20144","2026-09-18 18:44:42"
"bullex_live_capture 180926-2315.py","file","source/script","19831","2026-09-18 19:43:42"
"bullex_live_capture 2009-1949.py","file","source/script","23526","2026-09-19 15:31:46"
"bullex_live_capture_BACKUP_PRE_P0_20260917.py","file","backup/version","16438","2026-09-17 13:33:14"
"bullex_live_capture_R6_BEFORE_GRAPH_ASSET_FIX.py","file","source/script","20303","2026-09-17 17:52:38"
"bullex_live_capture.py","file","source/script","25811","2026-09-23 09:07:12"
"config (1).json","file","configuration/state/secret-file","3753","2026-09-18 12:02:00"
"config_v384_release.json","file","configuration/state/secret-file","3585","2026-09-20 20:01:10"
"config_v384.json","file","configuration/state/secret-file","3607","2026-09-14 16:38:58"
"config_v385_release.json","file","configuration/state/secret-file","4555","2026-09-21 15:41:06"
"config_v386_release.json","file","configuration/state/secret-file","4613","2026-09-23 08:38:21"
"config_v386_release.json.bak_before_account_gate_20260925","file","backup/version","4803","2026-09-24 15:04:13"
"config_v386_release.json.bak_before_turn_loss_stop_20260924","file","backup/version","4613","2026-09-23 08:38:21"
"config.json","file","configuration/state/secret-file","4834","2026-09-27 12:00:58"
"config.json.bak_before_turn_loss_stop_20260924","file","backup/version","4836","2026-09-24 14:28:55"
"config.json.bak_before_voice_button_20260926_135924","file","backup/version","4840","2026-09-26 10:57:46"
"CORRECAO_LOGS_COR_R1.md","file","documentation","703","2026-09-21 19:38:04"
"credential_store.py","file","source/script","1948","2026-09-14 16:38:58"
"credentials.dat","file","configuration/state/secret-file","392","2026-09-27 12:00:58"
"database (1).py","file","source/script","344","2026-09-14 16:38:58"
"database.py","file","source/script","3397","2026-09-24 13:50:30"
"database.py.bak_before_candle_flow_invert_20260924","file","backup/version","2676","2026-09-24 13:11:43"
"database.py.bak_before_lock_timeout_20260924","file","backup/version","2676","2026-09-23 08:38:20"
"demo_executor_v384_r6_BACKUP_PRE_M1_SYNC_20260917.py","file","backup/version","46624","2026-09-17 20:07:28"
"demo_executor_v384_r6_GATE_FIX.py","file","source/script","46006","2026-09-16 22:01:08"
"demo_executor_v384_r6.py","file","source/script","46207","2026-09-20 20:10:26"
"demo_executor_v386_r11.py","file","source/script","53502","2026-09-26 13:59:25"
"demo_executor_v386_r11.py.bak_before_account_balance_header_20260925_2156","file","backup/version","56852","2026-09-25 21:47:30"
"demo_executor_v386_r11.py.bak_before_account_gate_20260925","file","backup/version","51074","2026-09-24 15:05:32"
"demo_executor_v386_r11.py.bak_before_candle_absolute_clock_20260926_045337","file","backup/version","59496","2026-09-26 01:53:39"
"demo_executor_v386_r11.py.bak_before_candle_flow_invert_20260924","file","backup/version","50048","2026-09-23 22:58:31"
"demo_executor_v386_r11.py.bak_before_capture_clock_fix_20260926_044719","file","backup/version","60146","2026-09-26 01:47:20"
"demo_executor_v386_r11.py.bak_before_voice_button_20260926_135924","file","backup/version","52286","2026-09-26 10:01:19"
"drive_sync.py","file","source/script","5615","2026-09-23 08:38:20"
"EXECUTOR_BACKUP_ANTES_LOCALIZADOR_PAR_2026-09-17.py","file","backup/version","45592","2026-09-17 12:14:30"
"final_setup_voice_patch.py","file","source/script","1582","2026-09-26 18:27:17"
"INICIAR_RAPOSO_V3_85_R6.bat","file","source/script","217","2026-09-21 18:50:24"
"INICIAR_RAPOSO_V3_86_R11.bat","file","source/script","221","2026-09-22 15:25:24"
"inventario_r11.py","file","source/script","8419","2026-09-26 18:52:11"
"launcher_ui.py","file","source/script","7648","2026-09-25 16:28:34"
"LEIA-ME_P0_TIMING.txt","file","documentation","356","2026-09-22 13:54:38"
"LEIA-ME.txt","file","documentation","660","2026-09-22 13:36:05"
"LIVE_R11_M1_PAUSED.png","file","artifact","132173","2026-09-22 15:49:25"
"LIVE_R11_PAUSED.png","file","artifact","154261","2026-09-22 15:37:08"
"login_helper.py","file","source/script","1968","2026-09-14 21:46:56"
"MAIN_BACKUP_ANTES_RECUPERACAO_CHROME_2026-09-17.py","file","backup/version","33579","2026-09-17 12:02:52"
"main_v384_r6_BACKUP_PRE_ASSET_LABELS.py","file","backup/version","32617","2026-09-17 09:20:36"
"main_v384_r6_BACKUP_PRE_RESTART_TIMEOUT_FIX.py","file","backup/version","31949","2026-09-17 09:15:10"
"main_v384_r6_PATCH_R6LABEL.py","file","source/script","30712","2026-09-17 06:03:54"
"main_v384_r6_STABLE_EXEC_WORK.py","file","source/script","34238","2026-09-17 13:50:58"
"main_v384_r6.py","file","source/script","34973","2026-09-20 21:18:52"
"main_v384_r6.py bkp.py","file","source/script","30709","2026-09-17 06:25:54"
"main_v386_r11.py","file","source/script","44147","2026-09-26 13:59:25"
"main_v386_r11.py.bak_before_restore_20260925_2131","file","backup/version","43937","2026-09-25 21:29:08"
"main_v386_r11.py.bak_before_turn_loss_stop_20260924","file","backup/version","44646","2026-09-24 15:01:50"
"main_v386_r11.py.bak_before_visual_clock_20260926_043537","file","backup/version","43567","2026-09-26 01:35:38"
"main_v386_r11.py.bak_before_voice_button_20260926_135924","file","backup/version","42649","2026-09-26 10:10:25"
"MERGE_ATIVO_REPORT.md","file","documentation","9141","2026-09-20 20:39:40"
"merge_voice.ps1","file","source/script","4809","2026-09-26 13:58:48"
"migrate_cycle_start_once.py","file","source/script","1296","2026-09-20 20:49:10"
"mobile_server.py","file","source/script","21204","2026-09-27 11:58:54"
"mobile_server.py.bak_before_setup_candle_only_20260923","file","backup/version","13352","2026-09-23 10:34:07"
"mobile_server.py.bak_before_setup_candle_totals_20260923","file","backup/version","13274","2026-09-22 21:37:14"
"mobile_server.py.bak_before_shift_totals_20260923","file","backup/version","13273","2026-09-23 10:58:33"
"patch_pause_voice.py","file","source/script","305","2026-09-26 14:01:48"
"patch_setup_voice.py","file","source/script","3153","2026-09-26 18:26:08"
"PATCH_V3.84_R5.txt","file","documentation","869","2026-09-14 16:38:58"
"patch_voice_target.py","file","source/script","5568","2026-09-26 13:59:24"
"patch_voice_tone_simple.py","file","source/script","958","2026-09-26 18:31:17"
"pause_control_r11.py","file","source/script","1430","2026-09-26 14:01:48"
"pause_control_r11.py.bak_before_voice_button_20260926_135924","file","backup/version","1371","2026-09-16 16:59:44"
"PROTOCOLO_SUBIDA_VERSAO.txt","file","documentation","2512","2026-09-14 16:38:58"
"R11_INVENTARIO.txt","file","documentation","42269","2026-09-26 19:01:26"
"R11_inventory_2026-09-27.csv","file","other","0","2026-09-27 12:09:28"
"r11_restart.py","file","source/script","4466","2026-09-26 01:02:32"
"README_CATALOGO_ATIVOS.md","file","documentation","1961","2026-09-19 18:15:24"
"README_V3.85_DEMO.md","file","documentation","1340","2026-09-21 19:01:10"
"realtime_analyzer_v384_r1 (1).py","file","source/script","29163","2026-09-18 13:05:16"
"realtime_analyzer_v384_r1.py","file","source/script","28742","2026-09-18 13:06:48"
"realtime_analyzer_v384_r6.py","file","source/script","32105","2026-09-21 07:23:30"
"realtime_analyzer_v386_r11.py","file","source/script","41106","2026-09-27 11:45:59"
"realtime_analyzer_v386_r11.py.bak_before_candle_flow_invert_20260924","file","backup/version","38597","2026-09-23 22:58:31"
"realtime_analyzer_v386_r11.py.bak_before_capture_clock_fix_20260926_044719","file","backup/version","40752","2026-09-26 01:47:22"
"realtime_analyzer_v386_r11.py.bak_before_visual_clock_20260926_043537","file","backup/version","40593","2026-09-26 01:35:39"
"requirements.txt","file","documentation","16","2026-09-14 21:47:02"
"resultado 18-09-2026.PNG","file","artifact","195104","2026-09-27 11:11:39"
"resultado 19-09-2026.PNG","file","artifact","134554","2026-09-27 11:11:11"
"resultado 20-09-2026.PNG","file","artifact","163057","2026-09-27 11:10:45"
"resultado 21-09-2026.PNG","file","artifact","204300","2026-09-27 11:10:11"
"resultado 22-09-2026.PNG","file","artifact","201760","2026-09-27 11:09:34"
"resultado 23-09-2026.PNG","file","artifact","222020","2026-09-27 11:08:43"
"Resultado 24-09-2026.PNG","file","artifact","195695","2026-09-27 11:08:15"
"resultado 26-09-2026.PNG","file","artifact","226238","2026-09-27 11:07:18"
"resume_state_r11.json","file","configuration/state/secret-file","5343","2026-09-27 11:59:41"
"resume_state_r6.json","file","configuration/state/secret-file","5273","2026-09-22 13:43:24"
"score_engine_v384_r1_PATCH_READY.py","file","source/script","7063","2026-09-16 07:56:14"
"score_engine_v384_r1_SETUPS_STAGING.py","file","source/script","9318","2026-09-16 12:21:04"
"score_engine_v384_r1.py","file","source/script","6266","2026-09-14 20:31:52"
"score_engine_v384_r6.py","file","source/script","10053","2026-09-17 06:16:50"
"score_engine_v386_r11.py","file","source/script","10053","2026-09-17 06:16:50"
"startup_error.log","file","log/runtime","30820","2026-09-26 01:05:19"
"strategy_modules_v386_r11.py","file","source/script","10671","2026-09-21 15:37:42"
"UI_ATUAL_BACKUP_2026-09-17_1052.py","file","backup/version","30864","2026-09-17 08:44:30"
"UI_BACKUP_ANTES_CORRECAO_PAINEL_ATIVOS_2026-09-17.py","file","backup/version","47112","2026-09-17 12:00:06"
"UI_BACKUP_PRE_DASHBOARD_TELA_CHEIA_2026-09-17.py","file","backup/version","36601","2026-09-17 09:06:50"
"UI_BACKUP_PRE_DASHBOARD_TOTAL_FIX_2026-09-17.py","file","backup/version","48069","2026-09-17 13:17:54"
"UI_BACKUP_PRE_RESTART_COMMAND_FIX.py","file","backup/version","46989","2026-09-17 09:15:12"
"ui_overlay_massa_v385.py","file","source/script","57323","2026-09-22 13:36:05"
"ui_overlay_massa_v386_r11.py","file","source/script","38790","2026-09-27 11:52:10"
"ui_overlay_massa_v386_r11.py.bak_before_candle_flow_invert_20260924","file","backup/version","34441","2026-09-23 09:53:28"
"ui_overlay_massa_v386_r11.py.bak_before_clock_fix_20260925_134746","file","backup/version","35467","2026-09-24 15:05:15"
"ui_overlay_massa_v386_r11.py.bak_before_history_pnl_totals_20260923","file","backup/version","34385","2026-09-22 21:25:24"
"ui_overlay_massa_v386_r11.py.bak_before_restore_20260925_2131","file","backup/version","36885","2026-09-25 21:27:13"
"ui_overlay_massa_v386_r11.py.bak_before_setup_voice_20260926_182609","file","backup/version","38078","2026-09-26 13:59:25"
"ui_overlay_massa_v386_r11.py.bak_before_voice_button_20260926_135924","file","backup/version","37329","2026-09-26 10:27:22"
"ui_overlay_massa_v386_r11.py.bak_counter_20260925_2001","file","backup/version","35259","2026-09-25 16:28:55"
"ui_overlay_massa_v4 180926-2244.py","file","source/script","55650","2026-09-18 18:53:20"
"ui_overlay_massa_v4 2009-1758.py","file","source/script","52603","2026-09-18 19:44:10"
"ui_overlay_massa_v4_BACKUP_1132_PRE_M1_SYNC.py","file","backup/version","30864","2026-09-17 20:24:12"
"ui_overlay_massa_v4_RANKING_CICLO.py","file","source/script","49937","2026-09-18 05:24:46"
"ui_overlay_massa_v4.py","file","source/script","54446","2026-09-21 22:50:43"
"update_healthy.flag","file","log/runtime","26","2026-09-27 12:01:33"
"updater.py","file","source/script","3537","2026-09-18 18:55:18"
"V386_R11_INTERFACE_SMOKE.png","file","artifact","89675","2026-09-22 20:04:53"
"VALIDACAO_E_DIFF_V3.85.md","file","documentation","3138","2026-09-21 19:38:04"
"VERSION","file","other","9","2026-09-22 15:25:24"
"voice_announcer_r11.py","file","source/script","4886","2026-09-26 18:31:17"
"voice_announcer_r11.py.bak_before_setup_voice_20260926_182609","file","backup/version","3864","2026-09-26 13:43:14"
"voice_announcer_r11.py.bak_before_setup_voice_tone","file","backup/version","4356","2026-09-26 18:26:09"
"voz_r11_atualizacao.zip","file","artifact","41554","2026-09-26 13:45:10"
"BACKUP_CORRECAO_DASHBOARD_20260922_204016\mobile_app","directory","directory",,"2026-09-22 20:40:17"
"BACKUP_CORRECAO_DASHBOARD_20260922_204016\main_v386_r11.py","file","backup/version","41253","2026-09-22 20:15:08"
"BACKUP_CORRECAO_DASHBOARD_20260922_204016\mobile_server.py","file","backup/version","11487","2026-09-22 20:15:08"
"BACKUP_CORRECAO_DASHBOARD_20260922_204016\ui_overlay_massa_v386_r11.py","file","backup/version","34028","2026-09-22 20:15:08"
"BACKUP_DELETE_EXECUTED_20260925_130050\candles.db","file","backup/version","4438110208","2026-09-25 12:59:21"
"BACKUP_DELETE_EXECUTED_20260925_130050\candles.db-shm","file","backup/version","32768","2026-09-25 12:49:36"
"BACKUP_DELETE_EXECUTED_20260925_130050\candles.db-wal","file","backup/version","8264752","2026-09-25 12:59:22"
"BACKUP_FILTRO_RESULTADO_HISTORICO_20260922_212515\dashboard.html","file","backup/version","8120","2026-09-22 21:19:45"
"BACKUP_FILTRO_RESULTADO_HISTORICO_20260922_212515\mobile_server.py","file","backup/version","11850","2026-09-22 21:18:50"
"BACKUP_FILTRO_RESULTADO_HISTORICO_20260922_212515\ui_overlay_massa_v386_r11.py","file","backup/version","34349","2026-09-22 21:18:19"
"BACKUP_P0_DIDI_TIMING_20260923_225759\broker_results_r11.py","file","backup/version","23943","2026-09-23 09:07:12"
"BACKUP_P0_DIDI_TIMING_20260923_225759\demo_executor_v386_r11.py","file","backup/version","49865","2026-09-22 15:43:11"
"BACKUP_P0_DIDI_TIMING_20260923_225759\realtime_analyzer_v386_r11.py","file","backup/version","37446","2026-09-23 08:38:20"
"BACKUP_PRE_DASHBOARD_SEPARADO_20260922_2015\tests","directory","directory",,"2026-09-22 20:14:13"
"BACKUP_PRE_DASHBOARD_SEPARADO_20260922_2015\config_v386_release.json","file","backup/version","4612","2026-09-22 15:25:24"
"BACKUP_PRE_DASHBOARD_SEPARADO_20260922_2015\config.json","file","backup/version","4833","2026-09-22 19:56:21"
"BACKUP_PRE_DASHBOARD_SEPARADO_20260922_2015\main_v386_r11.py","file","backup/version","41162","2026-09-22 15:53:58"
"BACKUP_PRE_DASHBOARD_SEPARADO_20260922_2015\mobile_server.py","file","backup/version","9600","2026-09-22 15:52:01"
"BACKUP_PRE_DASHBOARD_SEPARADO_20260922_2015\ui_overlay_massa_v386_r11.py","file","backup/version","33776","2026-09-22 20:11:37"
"BACKUP_PRE_DASHBOARD_SEPARADO_20260922_2015\tests\browser_smoke_v386_r11.py","file","backup/version","5943","2026-09-22 20:04:26"
"BACKUP_PRE_DASHBOARD_SEPARADO_20260922_2015\tests\test_v386_r11_control_ui.py","file","backup/version","4972","2026-09-22 20:11:37"
"BACKUP_PRE_RESTAURAR_OVERLAY_20260922_222304\ui_overlay_massa_v386_r11.py","file","backup/version","34799","2026-09-22 21:36:08"
"BACKUP_REMOVER_LOG_CLASSICO_20260922_212813\dashboard.html","file","backup/version","8120","2026-09-22 21:19:45"
"BACKUP_REMOVER_LOG_CLASSICO_20260922_212813\mobile_server.py","file","backup/version","12013","2026-09-22 21:26:01"
"BACKUP_REMOVER_LOG_CLASSICO_20260922_212813\ui_overlay_massa_v386_r11.py","file","backup/version","34385","2026-09-22 21:25:24"
"BACKUP_SEPARACAO_PENDENTES_HISTORICO_LOG_20260922_211746\dashboard.html","file","backup/version","7796","2026-09-22 21:01:51"
"BACKUP_SEPARACAO_PENDENTES_HISTORICO_LOG_20260922_211746\mobile_server.py","file","backup/version","11686","2026-09-22 20:51:16"
"BACKUP_SEPARACAO_PENDENTES_HISTORICO_LOG_20260922_211746\ui_overlay_massa_v386_r11.py","file","backup/version","34228","2026-09-22 21:01:37"
"data\candles.db","file","database","4954652672","2026-09-27 12:08:13"
"mobile_app\dashboard.html","file","web UI","15089","2026-09-27 11:57:10"
"mobile_app\dashboard.html.bak_before_candle_flow_invert_20260924","file","backup/version","11701","2026-09-23 23:28:25"
"mobile_app\dashboard.html.bak_before_history_default_20260923","file","backup/version","11463","2026-09-23 11:08:23"
"mobile_app\dashboard.html.bak_before_latest_ops_all_states","file","backup/version","9579","2026-09-23 09:39:50"
"mobile_app\dashboard.html.bak_before_setup_candle_blocks_20260923","file","backup/version","10664","2026-09-23 10:36:10"
"mobile_app\dashboard.html.bak_before_setup_candle_colors_20260923","file","backup/version","9579","2026-09-23 09:45:43"
"mobile_app\dashboard.html.bak_before_shift_block_20260923","file","backup/version","11463","2026-09-23 11:10:56"
"mobile_app\dashboard.html.bak_before_sort_load_resize_20260923","file","backup/version","11334","2026-09-23 10:58:26"
"mobile_app\log.html","file","web UI","2584","2026-09-26 10:11:01"
"tests\__pycache__","directory","directory",,"2026-09-26 14:02:39"
"tests\browser_smoke_v386_r11.py","file","test","5721","2026-09-22 20:15:08"
"tests\execution_baseline_r6.json","file","test","300","2026-09-16 11:45:06"
"tests\offline_validate_v385.py","file","test","2298","2026-09-22 15:26:28"
"tests\test_broker_results_r6.py","file","test","16258","2026-09-23 09:07:12"
"tests\test_didi_immediate_timing_r11.py","file","test","7798","2026-09-26 00:40:54"
"tests\test_drive_sync_r11.py","file","test","2069","2026-09-23 08:39:52"
"tests\test_history_r6.py","file","test","4229","2026-09-26 10:25:30"
"tests\test_history_transport_r6.cjs","file","test","3002","2026-09-23 09:07:12"
"tests\test_restart_r6.py","file","test","2992","2026-09-22 19:45:45"
"tests\test_v385_features.py","file","test","6473","2026-09-26 00:40:25"
"tests\test_v386_r11_control_ui.py","file","test","8098","2026-09-26 10:25:14"
"tests\test_visual_clock_watchdog_r11.py","file","test","2844","2026-09-26 01:53:50"
"tests\test_voice_announcer_r11.py","file","test","1725","2026-09-26 13:43:14"
"tests\__pycache__\test_broker_results_r6.cpython-314.pyc","file","test","42218","2026-09-23 09:07:23"
"tests\__pycache__\test_didi_immediate_timing_r11.cpython-312.pyc","file","test","13094","2026-09-26 01:36:47"
"tests\__pycache__\test_didi_immediate_timing_r11.cpython-314.pyc","file","test","13735","2026-09-26 00:41:09"
"tests\__pycache__\test_drive_sync_r11.cpython-314.pyc","file","test","4112","2026-09-23 08:40:00"
"tests\__pycache__\test_history_r6.cpython-314.pyc","file","test","10608","2026-09-22 15:30:08"
"tests\__pycache__\test_restart_r6.cpython-314.pyc","file","test","8557","2026-09-22 19:45:50"
"tests\__pycache__\test_v385_features.cpython-314.pyc","file","test","10797","2026-09-26 00:40:33"
"tests\__pycache__\test_v386_r11_control_ui.cpython-312.pyc","file","test","13571","2026-09-26 01:37:00"
"tests\__pycache__\test_v386_r11_control_ui.cpython-314.pyc","file","test","14116","2026-09-26 00:48:06"
"tests\__pycache__\test_visual_clock_watchdog_r11.cpython-312.pyc","file","test","4204","2026-09-26 01:53:58"
"tests\__pycache__\test_voice_announcer_r11.cpython-314.pyc","file","test","3895","2026-09-26 14:02:39"
"voz_r11_atualizacao\voz_r11_pkg","directory","directory",,"2026-09-26 13:43:14"
"voz_r11_atualizacao\voz_r11_pkg\tests","directory","directory",,"2026-09-26 13:43:14"
"voz_r11_atualizacao\voz_r11_pkg\APLICAR_VOZ_R11.ps1","file","source/script","1415","2026-09-26 13:43:14"
"voz_r11_atualizacao\voz_r11_pkg\broker_results_r11.py","file","source/script","25371","2026-09-26 13:43:14"
"voz_r11_atualizacao\voz_r11_pkg\config.json","file","configuration/state/secret-file","4736","2026-09-26 13:43:14"
"voz_r11_atualizacao\voz_r11_pkg\demo_executor_v386_r11.py","file","source/script","59519","2026-09-26 13:43:14"
"voz_r11_atualizacao\voz_r11_pkg\main_v386_r11.py","file","source/script","43727","2026-09-26 13:43:14"
"voz_r11_atualizacao\voz_r11_pkg\voice_announcer_r11.py","file","source/script","3864","2026-09-26 13:43:14"
"voz_r11_atualizacao\voz_r11_pkg\tests\test_voice_announcer_r11.py","file","test","1725","2026-09-26 13:43:14"
"__pycache__\adaptive_position_v386_r11.cpython-312.pyc","file","other","12318","2026-09-26 01:36:55"
"__pycache__\adaptive_position_v386_r11.cpython-314.pyc","file","other","12918","2026-09-22 19:44:40"
"__pycache__\asset_catalog.cpython-312.pyc","file","other","5026","2026-09-25 21:01:09"
"__pycache__\asset_catalog.cpython-314.pyc","file","other","5123","2026-09-23 09:08:33"
"__pycache__\BACKUP_broker_results_PRE_PENDING_RECOVERY_20260918.cpython-314.pyc","file","backup/version","32118","2026-09-22 15:30:02"
"__pycache__\BACKUP_broker_results_r6_PRE_STABLE_LINK_20260917.cpython-314.pyc","file","backup/version","32116","2026-09-22 15:30:02"
"__pycache__\BACKUP_bullex_live_capture_PRE_GRAPH_ACTIVE_FIX_20260917.cpython-314.pyc","file","backup/version","25144","2026-09-22 15:30:03"
"__pycache__\BACKUP_bullex_live_capture_PRE_INIT_STATE_FIX_20260917.cpython-314.pyc","file","backup/version","24149","2026-09-22 15:30:03"
"__pycache__\BACKUP_bullex_live_capture_PRE_POLL_ORDER_FIX_20260917.cpython-314.pyc","file","backup/version","24798","2026-09-22 15:30:03"
"__pycache__\BACKUP_bullex_live_capture_PRE_STABLE_ASSET_20260917.cpython-314.pyc","file","backup/version","21881","2026-09-22 15:30:03"
"__pycache__\BACKUP_demo_executor_PRE_ASSET_GATE_FIX_20260917.cpython-314.pyc","file","backup/version","63953","2026-09-22 15:30:03"
"__pycache__\BACKUP_demo_executor_PRE_AUTO_EXPIRY_DASHBOARD_FIX_20260917.cpython-314.pyc","file","backup/version","65445","2026-09-22 15:30:03"
"__pycache__\BACKUP_demo_executor_PRE_BUTTON_LOCATOR_FIX_20260918.cpython-314.pyc","file","backup/version","64756","2026-09-22 15:30:03"
"__pycache__\BACKUP_demo_executor_PRE_BUTTON_RESILIENCE_20260918.cpython-314.pyc","file","backup/version","62890","2026-09-22 15:30:03"
"__pycache__\BACKUP_demo_executor_PRE_RESTORE_LAST_WORKING_20260917.cpython-314.pyc","file","backup/version","63959","2026-09-22 15:30:04"
"__pycache__\BACKUP_demo_executor_PRE_STABLE_EXEC_20260917.cpython-314.pyc","file","backup/version","63950","2026-09-22 15:30:04"
"__pycache__\BACKUP_main_v384_r6_PRE_AUTO_EXPIRY_FIX_20260917.cpython-314.pyc","file","backup/version","45569","2026-09-22 15:30:04"
"__pycache__\BACKUP_main_v384_r6_PRE_STABLE_EXEC_20260917.cpython-314.pyc","file","backup/version","45565","2026-09-22 15:30:04"
"__pycache__\broker_day_r11.cpython-312.pyc","file","other","1388","2026-09-25 21:01:04"
"__pycache__\broker_day_r11.cpython-314.pyc","file","other","1368","2026-09-22 15:30:04"
"__pycache__\broker_history_r11.cpython-312.pyc","file","other","14079","2026-09-24 13:12:38"
"__pycache__\broker_history_r11.cpython-314.pyc","file","other","16714","2026-09-26 10:23:54"
"__pycache__\BROKER_RESULTS_BACKUP_ANTES_SQLITE_LOCK_2026-09-17.cpython-314.pyc","file","backup/version","31278","2026-09-22 15:30:04"
"__pycache__\broker_results_r11.cpython-312.pyc","file","other","33075","2026-09-26 01:03:35"
"__pycache__\broker_results_r11.cpython-314.pyc","file","other","35442","2026-09-26 14:02:02"
"__pycache__\broker_results_r6_BACKUP_PRE_P0_20260917.cpython-314.pyc","file","backup/version","32107","2026-09-22 15:30:04"
"__pycache__\browser.cpython-312.pyc","file","other","1330","2026-09-26 01:37:03"
"__pycache__\browser.cpython-314.pyc","file","other","1585","2026-09-26 10:05:58"
"__pycache__\bullex_controls_reader_PATCH_STAGING.cpython-314.pyc","file","other","16108","2026-09-22 15:30:04"
"__pycache__\bullex_controls_reader.cpython-312.pyc","file","other","19841","2026-09-26 01:54:34"
"__pycache__\bullex_controls_reader.cpython-314.pyc","file","other","21843","2026-09-26 00:48:07"
"__pycache__\bullex_live_capture 180926-2243.cpython-314.pyc","file","other","25978","2026-09-22 15:30:04"
"__pycache__\bullex_live_capture 180926-2315.cpython-314.pyc","file","other","24820","2026-09-22 15:30:04"
"__pycache__\bullex_live_capture 2009-1949.cpython-314.pyc","file","other","27692","2026-09-22 15:30:04"
"__pycache__\bullex_live_capture_BACKUP_PRE_P0_20260917.cpython-314.pyc","file","backup/version","21582","2026-09-22 15:30:04"
"__pycache__\bullex_live_capture_R6_BEFORE_GRAPH_ASSET_FIX.cpython-314.pyc","file","other","24878","2026-09-22 15:30:04"
"__pycache__\bullex_live_capture.cpython-312.pyc","file","other","27562","2026-09-26 01:54:32"
"__pycache__\bullex_live_capture.cpython-314.pyc","file","other","29428","2026-09-23 09:08:33"
"__pycache__\credential_store.cpython-312.pyc","file","other","4926","2026-09-26 01:37:09"
"__pycache__\credential_store.cpython-314.pyc","file","other","5644","2026-09-22 15:30:04"
"__pycache__\database (1).cpython-314.pyc","file","other","884","2026-09-22 15:30:04"
"__pycache__\database.cpython-312.pyc","file","other","4472","2026-09-25 00:14:18"
"__pycache__\database.cpython-314.pyc","file","other","4629","2026-09-24 14:03:49"
"__pycache__\demo_executor_v384_r6_BACKUP_PRE_M1_SYNC_20260917.cpython-314.pyc","file","backup/version","62888","2026-09-22 15:30:04"
"__pycache__\demo_executor_v384_r6_GATE_FIX.cpython-314.pyc","file","other","62271","2026-09-22 15:30:04"
"__pycache__\demo_executor_v384_r6.cpython-314.pyc","file","other","62893","2026-09-22 15:30:05"
"__pycache__\demo_executor_v386_r11.cpython-312.pyc","file","other","72913","2026-09-26 01:54:30"
"__pycache__\demo_executor_v386_r11.cpython-314.pyc","file","other","69740","2026-09-26 14:02:02"
"__pycache__\drive_sync.cpython-312.pyc","file","other","10323","2026-09-26 01:37:11"
"__pycache__\drive_sync.cpython-314.pyc","file","other","11137","2026-09-23 09:08:34"
"__pycache__\EXECUTOR_BACKUP_ANTES_LOCALIZADOR_PAR_2026-09-17.cpython-314.pyc","file","backup/version","61924","2026-09-22 15:30:05"
"__pycache__\launcher_ui.cpython-312.pyc","file","other","16249","2026-09-25 16:30:21"
"__pycache__\launcher_ui.cpython-314.pyc","file","other","16626","2026-09-25 17:53:03"
"__pycache__\login_helper.cpython-312.pyc","file","other","2803","2026-09-26 01:37:13"
"__pycache__\login_helper.cpython-314.pyc","file","other","2861","2026-09-22 15:30:05"
"__pycache__\MAIN_BACKUP_ANTES_RECUPERACAO_CHROME_2026-09-17.cpython-314.pyc","file","backup/version","44620","2026-09-22 15:30:05"
"__pycache__\main_v384_r6_BACKUP_PRE_ASSET_LABELS.cpython-314.pyc","file","backup/version","43024","2026-09-22 15:30:05"
"__pycache__\main_v384_r6_BACKUP_PRE_RESTART_TIMEOUT_FIX.cpython-314.pyc","file","backup/version","42413","2026-09-22 15:30:05"
"__pycache__\main_v384_r6_PATCH_R6LABEL.cpython-314.pyc","file","other","41332","2026-09-22 15:30:05"
"__pycache__\main_v384_r6_STABLE_EXEC_WORK.cpython-314.pyc","file","other","45550","2026-09-22 15:30:05"
"__pycache__\main_v384_r6.cpython-314.pyc","file","other","46110","2026-09-22 15:30:05"
"__pycache__\main_v384_r6.py bkp.cpython-314.pyc","file","other","41322","2026-09-22 15:30:05"
"__pycache__\main_v386_r11.cpython-312.pyc","file","other","49907","2026-09-26 01:54:27"
"__pycache__\main_v386_r11.cpython-314.pyc","file","other","54769","2026-09-26 14:02:02"
"__pycache__\migrate_cycle_start_once.cpython-314.pyc","file","other","2218","2026-09-22 15:30:05"
"__pycache__\mobile_server.cpython-312.pyc","file","other","25324","2026-09-26 01:37:17"
"__pycache__\mobile_server.cpython-314.pyc","file","other","36061","2026-09-27 11:59:46"
"__pycache__\pause_control_r11.cpython-312.pyc","file","other","1966","2026-09-26 01:03:39"
"__pycache__\pause_control_r11.cpython-314.pyc","file","other","2126","2026-09-26 14:01:49"
"__pycache__\r11_restart.cpython-312.pyc","file","other","7804","2026-09-26 01:03:29"
"__pycache__\r11_restart.cpython-314.pyc","file","other","8271","2026-09-26 01:05:09"
"__pycache__\realtime_analyzer_v384_r1 (1).cpython-314.pyc","file","other","39023","2026-09-22 15:30:06"
"__pycache__\realtime_analyzer_v384_r1.cpython-314.pyc","file","other","39371","2026-09-22 15:30:06"
"__pycache__\realtime_analyzer_v384_r6.cpython-314.pyc","file","other","43332","2026-09-22 15:30:06"
"__pycache__\realtime_analyzer_v386_r11.cpython-312.pyc","file","other","50444","2026-09-26 01:54:29"
"__pycache__\realtime_analyzer_v386_r11.cpython-314.pyc","file","other","53420","2026-09-27 11:53:29"
"__pycache__\score_engine_v384_r1_PATCH_READY.cpython-314.pyc","file","other","14637","2026-09-22 15:30:06"
"__pycache__\score_engine_v384_r1_SETUPS_STAGING.cpython-314.pyc","file","other","18090","2026-09-22 15:30:06"
"__pycache__\score_engine_v384_r1.cpython-314.pyc","file","other","13661","2026-09-22 15:30:06"
"__pycache__\score_engine_v384_r6.cpython-314.pyc","file","other","19670","2026-09-22 15:30:06"
"__pycache__\score_engine_v386_r11.cpython-312.pyc","file","other","17045","2026-09-26 01:36:54"
"__pycache__\score_engine_v386_r11.cpython-314.pyc","file","other","19671","2026-09-22 19:44:40"
"__pycache__\strategy_modules_v386_r11.cpython-312.pyc","file","other","15533","2026-09-26 01:36:58"
"__pycache__\strategy_modules_v386_r11.cpython-314.pyc","file","other","17625","2026-09-22 19:44:40"
"__pycache__\UI_ATUAL_BACKUP_2026-09-17_1052.cpython-314.pyc","file","backup/version","40403","2026-09-22 15:30:06"
"__pycache__\UI_BACKUP_ANTES_CORRECAO_PAINEL_ATIVOS_2026-09-17.cpython-314.pyc","file","backup/version","58605","2026-09-22 15:30:06"
"__pycache__\UI_BACKUP_PRE_DASHBOARD_TELA_CHEIA_2026-09-17.cpython-314.pyc","file","backup/version","46705","2026-09-22 15:30:06"
"__pycache__\UI_BACKUP_PRE_DASHBOARD_TOTAL_FIX_2026-09-17.cpython-314.pyc","file","backup/version","59743","2026-09-22 15:30:06"
"__pycache__\UI_BACKUP_PRE_RESTART_COMMAND_FIX.cpython-314.pyc","file","backup/version","58466","2026-09-22 15:30:06"
"__pycache__\ui_overlay_massa_v385.cpython-314.pyc","file","other","71220","2026-09-22 15:30:07"
"__pycache__\ui_overlay_massa_v386_r11.cpython-312.pyc","file","other","44926","2026-09-25 21:49:27"
"__pycache__\ui_overlay_massa_v386_r11.cpython-314.pyc","file","other","49153","2026-09-27 11:53:29"
"__pycache__\ui_overlay_massa_v4 180926-2244.cpython-314.pyc","file","other","67530","2026-09-22 15:30:07"
"__pycache__\ui_overlay_massa_v4 2009-1758.cpython-314.pyc","file","other","65024","2026-09-22 15:30:07"
"__pycache__\ui_overlay_massa_v4_BACKUP_1132_PRE_M1_SYNC.cpython-314.pyc","file","backup/version","40415","2026-09-22 15:30:07"
"__pycache__\ui_overlay_massa_v4_RANKING_CICLO.cpython-314.pyc","file","other","62124","2026-09-22 15:30:07"
"__pycache__\ui_overlay_massa_v4.cpython-314.pyc","file","other","67966","2026-09-22 15:30:07"
"__pycache__\updater.cpython-312.pyc","file","other","7781","2026-09-26 01:37:14"
"__pycache__\updater.cpython-314.pyc","file","other","8428","2026-09-22 15:30:07"
"__pycache__\voice_announcer_r11.cpython-314.pyc","file","other","8029","2026-09-26 18:31:17"
